company,city,state,domain,source
Aqua Pool Service,Dallas,TX,aquapoolservicetx.com,manual
Blue Wave Pools,Houston,TX,bluewavepools.com,manual
Crystal Clear Pools,San Antonio,TX,crystalclearpoolstx.com,manual
Premier Pool Service,Austin,TX,premierpoolservice.com,manual
Texas Pool Techs,Dallas,TX,texaspooltechs.com,manual
Splash Pool Service,Phoenix,AZ,splashpoolserviceaz.com,manual
Desert Oasis Pools,Scottsdale,AZ,desertoasispools.com,manual
Arizona Pool Pros,Mesa,AZ,arizonapoolpros.com,manual
Valley Pool Service,Gilbert,AZ,valleypoolservice.com,manual
Sun City Pools,Peoria,AZ,suncitypools.com,manual
Paradise Pool Care,Tampa,FL,paradisepoolcare.com,manual
Gulf Coast Pools,Sarasota,FL,gulfcoastpools.com,manual
Sunshine State Pools,Jacksonville,FL,sunshinestatepools.com,manual
Florida Pool Masters,Naples,FL,floridapoolmasters.com,manual
Keys Pool Service,Key West,FL,keyspoolservice.com,manual
Palm Beach Pools,Boca Raton,FL,palmbeachpools.com,manual
Emerald Coast Pools,Pensacola,FL,emeraldcoastpools.com,manual
Space Coast Pools,Melbourne,FL,spacecoastpools.com,manual
Treasure Coast Pools,Stuart,FL,treasurecoastpools.com,manual
Central Florida Pools,Lakeland,FL,centralfloridapools.com,manual
SoCal Pool Pros,Los Angeles,CA,socalpoolpros.com,manual
Bay Area Pool Service,San Jose,CA,bayareapoolservice.com,manual
San Diego Pool Care,San Diego,CA,sandiegopoolcare.com,manual
Sacramento Pool Service,Sacramento,CA,sacramentopoolservice.com,manual
Orange County Pools,Irvine,CA,orangecountypools.com,manual
